{"0.3": [0.5259657491555721, 0.007737111720591494, 0.5446963065664098], "0.6": [0.4973468564514106, 0.018043471821089174, 0.5435969513096446], "1.2": [0.3012789908553507, 0.03907038733646984, 0.5450205472847296], "2.5": [0.12480001318932486, 0.029801251759520482, 0.5707236933326401], "5.0": [0.054434494672307265, 0.01050865707345365, 0.5317356273348891]}