{
  "config": {
    "D": 4,
    "K": 4,
    "n_states": 256,
    "n_steps": 200,
    "batch_size": 50,
    "train_seeds": [
      0,
      1,
      2
    ],
    "land_seeds": [
      0,
      1,
      2
    ],
    "ls_values": [
      0.4,
      1.2,
      4.0
    ]
  },
  "by_ls": {
    "0.4": {
      "GFN-std": {
        "tv_mean": 0.17853314896973968,
        "tv_std": 0.019521769392850788,
        "tv_values": [
          0.16317299655235118,
          0.15044607343980496,
          0.15944619699704596,
          0.17566462721889392,
          0.16265314605598308,
          0.19218457276137949,
          0.20787475244240294,
          0.1975735313655648,
          0.19778244389423072
        ],
        "coverage_mean": 1.0,
        "coverage_std": 0.0,
        "coverage_values": [
          1.0,
          1.0,
          1.0,
          1.0,
          1.0,
          1.0,
          1.0,
          1.0,
          1.0
        ]
      },
      "GeoFlow": {
        "tv_mean": 0.16898457827999513,
        "tv_std": 0.018540059586503555,
        "tv_values": [
          0.14109313727464917,
          0.15434288381731914,
          0.16590960084467588,
          0.16601861976217347,
          0.18963759517039763,
          0.1454507941683654,
          0.1782576784579225,
          0.18210631415753822,
          0.1980445808669149
        ],
        "coverage_mean": 1.0,
        "coverage_std": 0.0,
        "coverage_values": [
          1.0,
          1.0,
          1.0,
          1.0,
          1.0,
          1.0,
          1.0,
          1.0,
          1.0
        ]
      }
    },
    "1.2": {
      "GFN-std": {
        "tv_mean": 0.06195460826229304,
        "tv_std": 0.01048873903631475,
        "tv_values": [
          0.05217261816677528,
          0.0781631350001134,
          0.059880920038553984,
          0.0683603947171362,
          0.058662029121148186,
          0.08002479091935383,
          0.0521187608338618,
          0.05029539351861141,
          0.05791343204508333
        ],
        "coverage_mean": 1.0,
        "coverage_std": 0.0,
        "coverage_values": [
          1.0,
          1.0,
          1.0,
          1.0,
          1.0,
          1.0,
          1.0,
          1.0,
          1.0
        ]
      },
      "GeoFlow": {
        "tv_mean": 0.061097634217822536,
        "tv_std": 0.008614255964543361,
        "tv_values": [
          0.06041773576605003,
          0.06269967349730449,
          0.058313305230266045,
          0.06228493299116924,
          0.08014496425738325,
          0.060061255428720706,
          0.05118534144637246,
          0.0664954453298035,
          0.04827605401333309
        ],
        "coverage_mean": 1.0,
        "coverage_std": 0.0,
        "coverage_values": [
          1.0,
          1.0,
          1.0,
          1.0,
          1.0,
          1.0,
          1.0,
          1.0,
          1.0
        ]
      }
    },
    "4.0": {
      "GFN-std": {
        "tv_mean": 0.014593785145094585,
        "tv_std": 0.004150027430950314,
        "tv_values": [
          0.015951055130814403,
          0.019222885638458018,
          0.021442351261185627,
          0.015221098945346411,
          0.01585130318885321,
          0.015352914956268345,
          0.010324125365542043,
          0.009772197701859851,
          0.008206134117523366
        ],
        "coverage_mean": 1.0,
        "coverage_std": 0.0,
        "coverage_values": [
          1.0,
          1.0,
          1.0,
          1.0,
          1.0,
          1.0,
          1.0,
          1.0,
          1.0
        ]
      },
      "GeoFlow": {
        "tv_mean": 0.014073776016586699,
        "tv_std": 0.003998912567252174,
        "tv_values": [
          0.01627751761244774,
          0.02036468793285361,
          0.018535961854051406,
          0.015449858506351903,
          0.014807086060399202,
          0.014111817737695652,
          0.009568665938314196,
          0.009356697010104623,
          0.008191691497061962
        ],
        "coverage_mean": 1.0,
        "coverage_std": 0.0,
        "coverage_values": [
          1.0,
          1.0,
          1.0,
          1.0,
          1.0,
          1.0,
          1.0,
          1.0,
          1.0
        ]
      }
    }
  },
  "elapsed_s": 61.5
}